n,time_ms,comparisons,array_accesses
100,0.76340,198,99
1000,0.07470,1998,999
10000,0.43530,19998,9999
100000,3.66530,199998,99999
